label,leftEyebrow,rightEyebrow,leftLip,rightLip,lipWidth,lipHeight
anger,5.469911482163466,5.449883858198843,4.351455136990211,4.487063056600205,3.2718371036448137,0.7111080460911948
anger,4.834963206627653,5.688503372759716,4.258237309787193,3.910567462685111,2.6922001124661348,0.6049506040189034
anger,5.21287622989186,5.059519886781497,4.739726555460641,4.633868294718309,3.4446435625441247,0.6666666666666666
anger,6.201466299680941,5.541115835900899,4.097418884860633,4.263698129222583,2.8014707712886855,0.7398820678018508
anger,5.988031371113674,7.054951335792821,5.529154438122761,5.231375321108711,4.554042117821808,1
anger,6.587645887749643,5.662331320531266,4.435634890964579,4.446180340102819,3.123811249309323,0.9958932064677039
anger,5.834996867648126,5.06720705030103,5.14715625249287,5.508843449372739,3.7345552151316834,1.0828510385465842
anger,5.479978068000148,5.744400039149529,5.41308249676686,5.395457518940208,3.6763508477232634,1.1352924243950935
anger,5.53152126769751,5.576301319139747,4.977932137886986,4.846343488396281,3.945387786774568,1.059336827319673
anger,5.452048095218817,6.08081707719359,4.7149079119730235,5.195327027305351,3.880963950891429,0.9962802102951472
anger,4.8912841151107305,6.023688930688998,4.562144790807019,4.381010643716332,2.8978876460257674,1
anger,5.943703546177174,5.8273141761519485,4.055024648002008,4.147947831718421,2.727272727272727,0.6878520886555253
anger,7.30088443009322,6.225245931870964,5.452138872562022,5.623095251437883,4.301162633521313,1.2542236335984598
anger,5.881315745783324,4.669938031221408,6.150032288947462,6.382840003942318,4.62761787117001,1.7842102212287423
anger,5.782565671236641,5.704244265311187,5.183589820709218,4.7039738221168435,3.600807126994164,1.1997150658869962
anger,6.545655873097388,6.226338796138007,6.877035301472033,7.821743742257387,6.2558795873773585,2.0695623294054513
anger,4.962228660211933,5.414544671821972,4.998605022063646,4.647912239517362,3.6736768555963466,0.8160781865467163
anger,6.512951911093047,5.774498198918942,4.403804915443709,4.597991103156905,3.32677256967426,1.0944189366914134
anger,6.404575973370336,7.324765197657734,4.298527219566344,4.22768167421366,3.000228614974613,1.0376982019349557
anger,6.279309084530013,5.7919269677773055,3.7833839076636835,4.0381424749234185,2.5442866378246074,0.7880995606084251
anger,5.489063650506333,5.373595255953726,10.709745138119143,10.800326659332534,9.613253047035714,3.3147857967067464
anger,6.190594445457253,6.136684157164545,4.2569603321017055,4.310520667799354,2.963014015288237,0.4825730124331106
anger,6.010292089576825,6.238219668332784,4.896719849124848,4.475512904916316,3.8530707034979055,0.7625273528214611
anger,5.688047574128307,5.624854939902785,5.205733187318872,5.446867749801766,3.679013967079773,1.7990057602019003
anger,6.0365790697702195,5.930354270042227,5.275459009570948,5.65327350718748,3.855418705363291,1.8099773754242097
anger,5.7261530150927875,5.9776473873483065,4.854162598916144,4.3362937401622474,3.018461712712472,1.3267162536133188
anger,6.530778151434445,6.153545858680731,4.925443022141646,4.601384303558515,3.508766827947971,0.8673783579037755
anger,5.794913568594892,5.857836674082801,5.551759061401842,5.7546653913481025,4.722222222222222,1.1124991330278216
anger,5.5189525832935935,5.757125443523057,6.145201958816013,5.714359456207102,4.535519182635585,2.118463894749307
anger,6.170573359488724,5.937180880923819,8.590936051179497,8.088350822390359,7.826425823865615,2.9144669576200073
anger,5.588167364032827,5.119288887075445,4.8607586824392595,4.784949960957795,3.08971095729389,1.3940190905983825
anger,5.76635120581583,6.40195203389983,4.511496888103361,4.322412129312631,3.000228614974613,1.0006856360078737
anger,6.572031357132474,5.383673386476135,5.650821602715462,6.1918430249030845,4.3266615305567875,1.7204650534085255
anger,6.363858840570578,6.907086474601275,6.333536565037409,5.965622493525848,5.1794777361600035,1.6481089089555176
anger,6.45516617608195,6.137124546321921,4.282884069000823,4.591860416248097,3.083190856545474,0.8336510081959985
anger,6.277527395208109,5.893641251542894,4.814280586733407,5.060539296601005,3.3491726748534534,1.1528994133733472
anger,6.003535466191997,5.9481896426263425,4.877595311216421,4.7850227820269495,3.431546328418375,1.001133144839459
anger,5.431786898918798,5.178663808243069,4.816203261050411,5.014289171808279,3.126110913650449,1.625
anger,6.5435176801592725,6.275708893304602,4.876082019758797,5.180716316027522,3.751333096380539,1.55
anger,6.247449851954011,5.676062678767536,4.8712695312184255,4.988991199974741,3.1976408590079384,1.643393895091433
anger,5.6408346269940655,5.349245898724117,4.812866167042891,4.882194545451732,3.2942457094941395,1.3329337300733008
anger,4.945174992011385,4.950501552284078,7.316270795165278,8.766293984950185,7.080870590803043,2.817164564765626
anger,5.316139663638038,4.773535198110264,5.173999267442639,5.820160169381944,3.8851512197081854,2.1614809737770075
anger,6.176746223217243,6.151320078710948,5.92043793420234,5.8087096337875455,4.505483627320088,2.0030840419244385
anger,5.97073555985963,5.77492399233325,4.732445675294583,4.675741159365801,3.3760286498257748,1.167410477176825
anger,6.591246621510452,6.599960628753156,6.481038194894843,6.518041003995986,5.726819377018202,1.3320421476762065
anger,5.212551451835129,5.139167515187731,4.834446639079276,5.05455979558135,2.6057261784764436,2.070108769719924
anger,5.355623303714262,5.138981072039158,4.743950980474947,4.5285726426787996,3.4144438736479668,0.9492753001661941
anger,6.402029831763663,6.767446949310718,8.525922452945757,8.127455644591999,7.628759371165616,3.494012282092204
anger,4.7327505610281975,6.129524434274263,4.248276296409342,3.586854686567051,2.68741924943285,0.6257786477574638
anger,5.757556694526841,5.624181940778305,4.378286369696495,4.408992748024945,3.3541019662496843,0.8222137817858441
anger,5.601511641150332,5.141806817238363,3.7598280386447405,4.216517691498161,2.6200397088612037,0.5868714103247253
anger,5.5015212741641815,5.341216222937902,4.57489094264295,5.265812069524073,3.76974921902133,0.7722242389548244
anger,6.209726918254949,5.819245104629822,4.934979032802081,5.242874345233757,3.5444162563020365,1.8185754025734984
anger,5.237392361302565,5.847526362184597,8.396040089753715,8.088718443588618,7.4261390361079656,2.2706249591066405
anger,6.558819305788169,5.94306568673796,4.946181016873445,4.875172215681349,3.9512656200260694,0.7516648189186454
anger,6.0885956517458,6.34711076332433,6.591149209684325,6.487656461309013,4.172983717131936,3.0541097241089017
anger,6.188868344444659,6.352396535028591,4.691783579834714,4.789403373558448,3.5011043912975355,0.6871425968848157
anger,5.24693118072619,4.7993040590522105,4.300110860100883,4.509199422601641,2.6093434939439755,0.9748102902825844
anger,5.872697777277843,5.780173452559556,4.886081484380943,5.171375763130278,3.8411669964378437,1.6718647809681813
anger,5.767487397874325,5.722993870890999,5.730716777327327,5.970127446946681,4.055647403568136,2.1798449802522732
anger,5.98234575573901,6.029120687842198,5.682502065083376,5.804322018008753,4.414138124777632,1.61721508012528
anger,6.295699928965455,5.980217170461901,4.213118846755381,4.701596569934578,3.0712265355119004,1.0397504898200727
anger,6.286654197679119,5.750124086315893,5.326335566710111,5.188048888568565,3.750644167449498,1.1496502775185606
anger,5.146928698971879,5.574524597802268,4.909567319774181,4.713415421607018,3.6280826100592543,0.7432941462471664
anger,5.571479567452273,5.74725098125754,4.834084485552304,5.313781705304205,4.126646760160853,0.7173609562647201
anger,5.823104021511078,5.566993870248661,4.412186926039811,4.360643409707007,3.0036507467112714,1.0389668208342941
anger,5.467471495701351,5.87650350156051,4.0441609172189485,3.9395108253295232,2.495935782722,0.4274822999274579
anger,5.679327554957495,5.66249621461828,7.039570557757536,6.382050819474871,5.361000978521894,2.3125886574016015
anger,6.142903175293363,6.1756498046058255,5.384738072407807,5.331574090650291,3.305491792825776,2.6090579458569563
disgust,5.525426339359652,5.235560192841202,6.532020478234428,7.143543257520725,5.285308199019305,3.523810633293217
disgust,5.183033708923476,5.236799175901896,5.784105627420876,5.5266377806481986,4.223888861393262,2.180040669250835
disgust,6.326630768652333,5.892658140344668,5.449790862188627,5.687018548774539,4.428827437556732,1.1904761904761905
disgust,6.463708228245436,5.716621856438425,4.805015015776161,4.688083002694112,3.4164550265521734,1.2393879433925459
disgust,7.136495022132859,7.115265946233167,7.540346312284499,6.826777270244044,6.082762530298219,2.416609194718914
disgust,6.437940518722101,6.2179857723592615,5.660633775198381,5.77071795817442,4.288316123190289,1.941382372754368
disgust,5.7354347146103155,5.1838899805489564,4.13727981231818,4.642172924458512,2.7972699371214773,0.7126465944206327
disgust,6.721288880570192,6.6828688340779205,5.171925691780306,4.977588242226407,4.129003822518415,1.270843911653831
disgust,5.633686362697147,6.048129112731225,5.815789469890085,5.638450507633204,3.3134058816549117,1.7116886541601213
disgust,5.286032100127496,6.414325951913904,6.697316943430148,6.976290722518003,5.61749170161839,1.9246147697225853
disgust,5.234808548269401,6.272521379093574,5.385014463380481,4.895840990958334,3.3100416672492474,1.5105890224117455
disgust,5.658300432803424,5.051574398835302,5.342456866490609,5.940166146822083,4.642857142857143,1.787142286170972
disgust,7.286484032513673,5.969744887442186,4.536095279047124,4.419856915428436,2.8185483632595445,1
disgust,6.00625146766747,6.20497012166957,5.746162821294835,5.1170780055666985,3.9811198259400773,1.5711438987836002
disgust,6.7045870817139885,6.239613691064404,6.543961619684311,7.032030684652425,6.026364838833748,2.036256728267493
disgust,6.469150397321565,5.956049041567497,5.010405895101327,5.517745284509725,4.147067726925534,1.4949100633686883
disgust,5.685923544056889,6.315477660875722,4.783098795656576,4.476638740527032,3.446042365771038,0.8198859544896377
disgust,5.202879372698478,5.01881824914359,8.03017335106702,8.702053817387597,6.922360518241495,2.738085065623345
disgust,5.509172600855964,5.321383863092044,5.334586228850286,5.215737801544757,3.142857142857143,1.0476190476190477
disgust,6.069798649364548,6.21931865309546,4.747097376107826,4.850502825230448,3.3698908563277894,1.1479582828561683
disgust,6.864447095164243,6.7741913935107,5.2695455753113585,5.497855127869846,4.316110386014928,1.2642539104699277
disgust,5.6033277119440275,6.12070377688581,4.57647978278937,4.380210482038137,3.0217788702986863,1.3498867357091036
disgust,7.861202424490926,6.5695621815069245,6.516189068194744,5.981265002020683,5.461044666504526,1.730773012627288
disgust,6.688706553705361,6.861427389562365,6.020970806704894,6.708078616557181,5.1889092072478915,1.7294942736181222
disgust,5.037495285057904,5.505901826580545,7.151889927655736,5.957064074339591,5.535154111177281,2.172714812204403
disgust,6.108770618651663,6.1290671208391565,5.69708017323374,5.2843566795170425,4.236927789498614,1.6481089089555176
disgust,6.800229085264975,6.583253511673357,5.963212322473135,5.55583679087461,4.418034760147153,1.7058823529411764
disgust,5.3407618153783485,5.331510302692214,6.4003849366362955,7.2121823314067495,5.8665443331190605,2.682991535537624
disgust,5.67478867191104,5.259581664934497,6.271886920155968,6.269681737963111,4.9977551070181185,1.5488713612710339
disgust,5.836081852578696,5.957510605448704,4.938536976138444,5.137706200976603,3.4700485750781733,1.1388183421840579
disgust,5.928535228529637,5.612759083476339,5.491986717633299,5.42217082029034,4.154121292930843,1.2122036350431127
disgust,6.9386975337190435,6.691850838154705,6.313825727362114,6.166671092181485,5.303300858899106,2.3197192849514376
disgust,5.855009815090432,5.77808620803365,5.851154792779868,5.173119635500995,4.260575078554536,1.6031219541881399
disgust,5.754018866018911,5.534553062576489,4.36098979314124,4.826733580711423,3.2645879137458285,0.4825730124331106
disgust,6.486645801072239,6.495664381438055,6.304152800297416,5.588899056781837,5.197352097744598,2.0973799116434737
disgust,5.440618330137104,5.278289030071116,6.7055874739854895,8.213464958024174,6.144972234329766,2.5495097567963922
disgust,5.61998414236796,5.545335892325285,5.239059319532201,6.453047305547713,4.723509125802391,1.308257796284227
disgust,5.530724929067867,5.386383806122974,5.138565623093427,5.579411860296865,3.7918955974844852,1.5416666666666667
disgust,5.785444307721919,5.655350609807304,6.22596346711067,6.405608124704685,4.883770169926545,2.23606797749979
disgust,8.50526774455722,7.563602358705921,4.905124837953327,5.357531263224358,4.000312487793922,1.2509996003196804
disgust,5.333476949485323,5.214056538764277,5.54456106006511,5.325352928544913,4.344572674118624,0.9987523388778445
disgust,6.18461593414583,6.200144752383405,5.246113008128431,5.555395710636588,4.058622154512963,1.6452648880116956
disgust,6.714692625531015,6.931383449808823,6.51231872832342,6.104704597211368,5.403702434442518,1.6013882865952418
disgust,5.440265723919504,5.711679426205205,5.113052762315101,4.885281318236521,3.5793562805649777,1.7149469624161053
disgust,5.709464715375015,5.757169777737252,5.645593900907372,6.020310466104965,4.560240760726981,1.8664092486599728
disgust,5.2574119649565265,5.334035289217642,5.951583683201226,5.9778959364827955,4.3956450903819,2.247747556401015
disgust,5.303489472451834,5.628680758486291,6.060796087553101,6.236229884926127,4.451008358769512,2.4009048840583174
disgust,5.877413990593618,5.521939224938603,5.172101025926967,6.549792320429132,5.0990195135927845,1.8490060923133176
disgust,5.714594650845825,5.847159624740675,5.912590941919996,5.546534566942151,4.343722427630694,1.7814558388184585
disgust,6.754556574434042,6.451671068624078,4.4228824351403455,4.675092439128404,3.180376694413312,0.7857142857142857
disgust,6.082996398833725,6.499050333721971,4.771582336330965,4.475596832074125,3.079873861572075,0.7293482582341151
disgust,5.0502760766745345,5.212628825599217,6.355737483726129,5.640827131388598,4.710815303311923,1.4142135623730951
disgust,6.122405480992187,6.122292528896182,6.452139439690816,6.214655151606232,5.094616003140116,1.8982864040551015
fear,5.640594262287349,5.972107164281098,6.849609185862774,7.388279776157773,6.491300817353165,2.3577328325298104
fear,4.873122841044003,4.73438830446049,5.641835480605189,5.420249343451692,4.331787571158567,1.4809289938857657
fear,6.0048786775597325,5.285354965236243,4.598838520414521,4.5778921781688915,3.5253531760625685,1.3243842381362148
fear,5.638208584690947,5.833070046725412,8.028152927538304,7.566948843977224,6.8894121665059345,2.862167011199731
fear,5.618421995119164,5.13439135567613,5.294953291820102,6.002447654034157,4.4238712819332315,1.7902475107047315
fear,7.532930240383961,7.107360239678871,6.085854267523669,6.259573056392422,5.535447269244665,2.5321462647095156
fear,5.11958934750233,5.354340690759801,6.5622442438317306,5.884836390536043,5.141014892965477,2.1031424562131495
fear,5.9848032586596585,6.548684026075336,5.354579431250988,5.303052916928355,3.7622061362102253,1.857753257441063
fear,4.506921261100171,5.20119197766771,6.183441397349682,5.591235401564026,4.923949940735378,2.0281044221562685
fear,5.439497568314111,4.810721332065533,6.321755602387814,6.484852215839327,5.252913805525068,1.6609095970747993
fear,5.4499360604589535,5.150628300963133,5.339390344899822,5.121156621002553,3.906114688378068,1.1814720854340124
fear,6.0243167467133025,5.504942976396067,5.7160043626696755,5.887442298761119,4.680170937049201,1.72
fear,6.036902484073235,5.375590390899507,6.282252222354991,7.040642144647332,5.671616656199584,2.223056347055625
fear,5.015657053337363,4.89165807088806,7.144433387621103,6.255564716136047,6.03077692095059,1.9782602239122924
fear,5.733243878466569,5.970880766543327,5.070339660402366,5.038548813587849,3.739639776820404,1.2193409912039326
fear,5.995823952688374,6.016115060323038,5.754240831689527,5.926720177561103,4.506313260945823,1.8025253043783291
fear,5.718917528470366,5.5511565856373135,4.970501580999825,5.235823779843035,3.497956818831885,1.24891634136544
fear,5.6272495872190635,5.624466889896956,5.883765686970378,5.831843556838754,4.6845062000119215,1.7902475107047315
fear,5.900090514685123,5.6590244107103,4.626373329747142,5.176709487052882,3.8554415480203224,1.2478168855508296
fear,4.789529866472018,4.669960857884448,7.625273557976952,7.595115882534277,6.586725723165675,3.5255075577600183
fear,6.108244171318938,6.688023139019204,6.934509164021145,6.556174887688254,5.9822058462398955,1.9735488073252445
fear,5.411680178095287,5.3315551998101816,5.013105936369091,4.952803973893964,3.52110636664797,1.6179144164088315
fear,5.8077447501889115,5.871227860806822,5.749654468519388,5.718775797318424,4.829322625282362,2.0819434994339674
fear,6.196844561518555,5.7510882229819416,5.410994748151346,5.52125434290172,4.086956521739131,1.7831388395139023
fear,5.7605301757965615,5.691339315415839,5.519859189938446,4.915468110919826,3.7643378695952765,1.9179250031689405
fear,6.550220177906414,6.36761325152171,4.830832405249989,4.409513238670627,3.2390398747691926,1.2048751544998488
fear,5.766222806176058,5.708447613009806,5.111052998790228,5.370228867849393,3.8444473310085643,1.6598361906451133
fear,5.543273163507364,5.783011652953556,4.707324352671396,4.6191244798660245,3.2185661779689996,1.1747179205309823
fear,5.625909998733726,4.721297020901471,6.200164878740852,6.694689384531455,5.865619132272231,2.2148335840143947
fear,5.616265018980508,5.357211287180987,5.137263348781033,5.009862785394011,3.25106820052186,1.8768509382592014
fear,5.483789673229431,5.783725309761856,6.096845016383472,5.217789517655296,4.292111627418632,1.8408935028645432
fear,5.1853105430418385,4.726813329347735,5.573997361239651,6.079847483983463,4.952766591231258,1.0982647982204972
fear,6.398244181033746,5.494952240285364,4.529670139161627,5.309278522309819,3.4430376409097403,1.3127683176165186
fear,5.216597379112991,5.537995381948771,6.6905928380612405,5.65595822890132,5.334828585775176,2.2393864081816064
fear,5.773187928875341,5.50700960725543,5.092632008038409,5.113712294536909,3.5804688751174165,1.7905974332917265
fear,5.972400111106983,6.140708258664131,4.574349408840483,4.452058207800132,2.9324621179568444,1.1331940459771037
fear,4.630423878357348,4.559961240007064,5.688927924842599,5.664762820918853,4.158405014951118,1.439404385162682
fear,5.305215342966056,5.392593708029035,5.369218123440886,5.2113883701559285,3.6770159228176147,1.5144901113568785
fear,6.122719659948705,5.881491590432404,5.236721819417436,5.247720148960777,3.5717460176379383,2.476648309323018
fear,5.974018591921146,5.975385943930094,7.392824250125108,7.039687222622387,5.954424608120679,2.296924480466329
fear,5.322506584052178,5.3517152085590585,5.408285324257193,5.751104503926658,4.184354613248232,1.3427364508609232
fear,5.777447861121756,6.079332695969507,4.753516989289778,4.357954773132145,2.955098260612871,1.5148199232011534
fear,5.616457042897345,5.416130947905864,4.797648271883588,5.459882424929445,3.441575866437415,1.6499158227686108
fear,5.3712511548949005,5.227358439359381,4.8052920175352245,4.977130924143581,3.0025630077293326,1.6201395220800945
fear,5.382864755259054,5.214402359566076,4.887269952311781,5.0882390466473755,3,1.8199403125148779
fear,5.463006414539567,5.486829850331892,4.701181545136387,4.801348725465926,3.5208189578825695,1.439404385162682
fear,5.491445152341015,5.759096376926815,5.703027116998712,5.710067216056029,4.1439516890170225,2.1925456063278737
fear,5.288643153219399,5.338826658217579,6.848137973719696,6.363004932821559,5.785102914411901,1.3747318431059339
fear,5.682992530302217,5.769321575369848,5.024472906663158,4.856998370280486,3.2384453592227245,1.4761904761904763
fear,5.941034102728583,5.986103144204639,6.135238141117192,6.229846895015938,5.628124132426363,1.0643366478704002
fear,4.446275423574853,5.127184071798397,6.881922137980778,5.652785117358182,5.744828002689706,1.6050605945555831
fear,5.522259166552373,5.267066823761708,5.162120458821274,5.264928240857369,3.277622843097943,2.2795801418250674
fear,5.654375033960305,5.409154873838755,5.572502663005054,5.763152487678029,4.2631578947368425,1.7894736842105263
fear,4.902583260062321,4.98527559072315,5.574287449947541,5.978983119827264,4.3006861823834885,2.172857905020445
fear,5.460166454015227,5.447532780420754,4.8366984262943,5.157520556571307,3.2233066689896166,1.6124515496597098
fear,5.397858950887754,5.486893609138922,4.388512031644179,4.536547142497966,3.0355734025638283,1.0764866601178875
fear,5.710165545583001,5.509439009308269,5.620405707003335,5.8219110977852715,4.042302089845218,2
fear,5.610069075019945,5.665975164365102,5.058287464323481,5.346016960961853,4.047371427187436,1.6293238268056738
fear,5.502163096337991,5.580362025639225,4.8977343612140105,5.20941178278814,3.495989865139358,2.097974322853266
fear,5.781519026153985,5.529041006360133,6.423417573822952,5.78085224437682,4.811645633424958,1.7877730831078882
fear,6.159206033187175,5.88582125179977,5.513625510861285,5.47240504845903,3.445695569128564,2.19782254519095
fear,5.730519252841878,5.675587798261608,6.107374670536361,6.401158261665833,4.088871228655692,2.4328723609199687
fear,4.85004180685371,5.187979947974488,5.34362772902816,5.56796037069115,3.7886083011600338,1.6652217884872533
fear,5.786840215343645,5.914327434161571,4.766633883321908,4.569180564107466,3.0878345522748174,1.2506942516503028
fear,5.807693507477923,5.627905666621612,5.015401686868847,5.892416172201633,4.39089968002003,1.6643316977093237
fear,5.725491029972122,5.688398317160084,4.801498556916142,5.146534886873626,3.7962830118264828,1.896404198577228
fear,5.528720538837566,5.596857922601618,5.02892757428935,4.771900465605826,3.3582667064373393,1.6391769149382422
fear,5.705604047165459,5.399804836756383,5.969525034561041,6.568305906669341,4.428877786612932,2.789970164357594
fear,5.519293408407587,5.604687433004285,5.023531292846734,5.2859820943436215,3.264312746186865,1.9486228848961473
fear,6.582871374650628,6.149076587187308,4.35536819440308,4.7379344572260695,2.9697137909232936,1.2824975633505118
fear,5.904165015731105,5.35299699378994,4.980230269050402,5.089384874784823,3.4807056625435537,1.5242215776485308
fear,5.656291053119672,5.039955063290635,4.929281534693167,5.180444986849638,3.039314891330859,1.998699750648131
fear,5.455367479991753,5.233364140848895,4.893465006231427,5.1475871017152315,3.6805423177267396,1.0453628581285253
fear,5.500369501496311,5.164409560045861,7.067381987335123,7.620237453234857,6.363808173940205,2.620630511948535
fear,5.898443736575789,5.555655260414152,5.102809357451399,5.568330318967682,4.091708866471783,1.5725300247477096
fear,5.651513074543173,5.547550685465514,4.612521128310801,4.57919256389825,2.704718226705151,2.0013712720157475
fear,5.635086984309439,5.94301347315019,4.813424520195981,4.539174125994165,2.8776987611187534,1.3589133038616337
fear,5.68964959971777,5.488913605148966,6.348275644314838,6.378841983066475,4.75,2.4005207768315606
fear,5.120836652868655,5.168461215789397,7.328264764468699,7.23995398703217,6.059109073796749,2.5889036570194572
happy,6.178344180669997,6.17757200137452,9.202311220813758,10.422279967164663,9.823441352194251,3.6757633159734566
happy,5.669137692630514,5.859503856416711,6.205564825111693,5.539546043062423,5.285116629376907,1.7331336778263122
happy,5.602012658236891,5.9001039086370675,7.796671729226809,7.198636669977363,7.097194216439082,2.4702651567698926
happy,5.424237449687331,5.555719783292366,6.2842959563620955,6.538692131112807,5.65022123460666,1.6007810593582121
happy,5.535451254115876,5.555181952042636,8.654165123534607,8.375975003913476,8.314614392742456,2.752839443193155
happy,5.867702586970548,5.547284464492098,4.324521331894939,4.488674583288239,3.443055705018353,0.9666978805874502
happy,6.083216953824271,5.551942361228681,5.5534509477397815,5.693113690902683,4.900251914741748,2.007467356405184
happy,6.0969944190698975,6.132771635535945,9.906326931531938,9.354662855289222,9.552875260494835,3.582133884755961
happy,5.887756925090329,5.6260830009656235,5.5573822600703195,5.870409491769728,4.944756544457029,1.6111111111111112
happy,5.67868420391983,5.196590206068113,6.422108720235528,7.054175948910123,5.9375,2.3133444404152184
happy,5.477049815698737,4.950652635938923,6.2102753165114795,7.2810172208819495,6.418564445664406,1.5113781655796352
happy,5.643096233898479,5.66053320640998,7.027310244605676,7.054677732374197,6.538914011493357,2.6153846153846154
happy,5.433382006571638,5.499884797160724,8.06488317831089,7.7204413702713275,7.3632633430309635,3.222165877352758
happy,6.174415010087962,6.518308186546812,5.9961354729400345,5.9407778228387995,5.272278736649181,2.2742708045234394
happy,5.198969250024748,5.5706824261293155,5.9219905387420635,4.8720333682540575,4.47213595499958,1.8332091363794036
happy,6.2632872439304546,5.857152905903922,5.700388234827171,5.839390093952041,5.333749983725229,1.4015864027752427
happy,5.629856940252233,5.324282076305611,5.7628612240494475,6.531744066648844,5.412947441089744,1.8081014266989475
happy,5.703155403609286,5.308141306112185,7.79462155174003,8.513757393688719,7.7787319352341235,2.5192897430126124
happy,6.336498414486092,5.750183302713104,6.057389109014277,5.920652451091532,5.35423384521111,1.5893242454242702
happy,6.293462861485457,5.61379493971779,6.430349363016678,6.356380937282724,5.412084389534809,2.4124819593423386
happy,5.710354398848531,5.595924275861684,5.247884907836352,4.585358590826109,3.9335970967898852,1.6326711677358168
happy,6.356010682439104,6.255701985653566,7.731700148425259,6.427355230467665,6.700379240551473,2.7484720047065676
happy,6.54549353551012,5.998128740258164,6.640771950220754,7.135643872566316,6.338068405366978,2.4115462996914565
happy,6.052645088122077,5.297444398247167,6.0829462597082875,6.57698195775132,5.792866593560266,1.472596117692389
happy,5.896387937194719,5.263662357687933,5.987810741279926,6.418745473388729,5.496015426380308,2.1360914301448206
happy,5.429930926340579,5.604252827142611,7.044770465311203,6.1394027963715025,5.80008099920298,2.204327653205068
happy,5.365832328186193,5.65152166015845,9.75491297876549,8.08807305090847,8.46295584424388,3.2382844974594933
happy,6.514841968781298,5.842101933641333,6.148235623792393,7.713620859569819,6.566402901042817,2.129968240580679
happy,6.201960102697957,5.970504717633894,5.980937826585615,5.798168191432142,5.3212889136448265,1.3666633071248098
happy,6.251630079243425,6.2478842481622285,6.695641150273961,6.504384932385987,5.753477209479499,2.651886121235224
happy,5.80518908690371,5.71665745074826,8.924254674585221,8.34181016243133,8.284020762890446,3.8242646351945884
happy,5.514548847031977,5.575984618214681,6.276502840378718,6.239552665893859,5.682394210224775,1.5
happy,5.606842363942578,5.585449004965087,6.827498746237359,6.688212735025507,6.347256984940559,1.67822476330329
happy,6.370981922996442,6.337573343017577,6.397825423797178,6.0986066507875165,5.751135153650586,1.4063348739819324
happy,6.472874089606044,6.4250879841646364,7.363052373668399,7.369462018281074,6.956165272196863,2.1399560193391554
happy,6.206876071936501,5.484539147227018,7.333615667614312,9.798361481900482,8.454172286252696,1.8219500746971078
happy,5.965375791703462,6.134001556851638,6.122419262836629,5.511563119042771,4.79161252208458,2.5128881275482664
happy,6.1403802533033645,5.8697193950675555,5.444078245277042,5.7015314322523665,4.872342971035317,1.5711438987836002
happy,6.002226781818781,5.904774640798624,6.700098782935978,7.275758959729558,6.4925217310339125,2.2506670529880943
happy,5.944960531627469,6.0968541936724066,6.04069991639435,6.112476023128449,5.368421052631579,1.6842105263157894
happy,5.90627009765718,5.752224196264581,4.599758130291763,5.103598095945241,3.773005356844449,1.348136750818683
happy,6.009278334291951,5.803640406761467,5.539635854156408,6.268509202644205,5.148894163906568,1.8909139471577112
happy,6.399782823407263,5.737108291722297,6.4085146618086135,7.083513311446239,5.9017155907058285,2.0030840419244385
happy,6.341765403753913,5.802446901031408,7.063538327166642,7.5890943988704125,6.777226265054964,2.179647919252812
happy,5.256137844739346,5.222813313104411,7.585496345027001,8.540770422834001,7.527400926341199,3.279279870732023
happy,5.950040167942278,6.082953212499015,10.565230721732263,10.413729761151828,10.586285677443456,3.8333333333333335
happy,6.149403691388499,6.219829758659959,7.576700931423417,7.3248563620808635,6.89090816834874,1.9884280610185914
happy,6.104699112951632,6.338568708754797,5.691917862387024,5.312143068071972,4.888254046621288,1.1562943287008007
happy,6.088002625803777,6.409006977656038,7.219346768520575,6.524060019156934,6.425266274062656,2.1841309520182626
happy,5.6558423413750285,5.846303878597477,5.166071489396186,4.866173255756202,3.9593577803093654,1.2304602782321896
happy,5.685661956540646,5.887280430630195,6.696979375735548,6.768790028477936,6.088524923707411,2.568518068434268
happy,6.220380128942393,6.038068727163876,6.065614085593563,6.332762491112801,5.8254085363504435,1.275810451318027
happy,6.202787137568439,6.376011165015399,7.5703630873340835,7.756922725823912,7.376059245965965,2.4375
happy,5.7558843540005284,5.703399472595485,5.2006906160189885,4.575865559441984,3.8298853351264714,1.3992835952535854
happy,6.0787638638526875,6.136391678748383,7.584979019522276,6.726132865882411,6.7591779445792435,2.807807647219408
happy,6.287464167756519,6.422004666184149,5.160446580281323,4.652878791990526,4.245072190044202,0.9971817698776688
happy,6.651202532076686,6.623643054647342,7.381738648973354,6.287321058855193,6.65995111134164,1.9871601497490972
happy,5.671156531698971,5.698318930033331,6.333989099438433,6.7226071610921325,6.021860064366515,1.7526187135109579
happy,5.873716987759181,5.620246197673108,7.994901837232586,8.275667510033761,7.767235623989959,2.849881999516386
happy,5.505693155999244,6.008325958550982,5.731323971103361,5.005082851898878,4.601040758333963,1.2993380244361494
happy,6.336676011269359,6.034106199540202,7.3319839692811914,7.146522237414505,6.910963848827236,1.996189262971841
happy,6.289174118535472,5.917867875486407,10.300339227064029,10.664584656061484,10.45810216179046,3.5454545454545454
happy,6.015178500144538,5.211947579676516,5.202145764130263,5.612666268653506,4.484572012869663,1.7441557292629557
happy,5.969003148245148,5.243725508891863,7.300230434030164,7.835605273302706,7.203735510812048,2.800916411348763
happy,6.080759040942264,6.196098487036473,5.350125318957936,6.315029771821585,5.354967383250404,1.7163758172224246
happy,5.844407801878788,6.12155557870004,8.999481684588801,10.028600432739042,9.427851985663745,3.2701133953575847
happy,5.2819777866085955,5.216314894520442,8.773353234371813,9.839147351616685,9.291815637314263,3.7820700752437224
happy,6.017668529461224,5.925543120072787,5.969031396140011,5.782990089742026,5.103241805272108,1.6677944901990958
happy,5.826627156142193,5.836053670689427,10.362350925179804,9.67017999788451,9.699888547701867,3.371181523570759
happy,6.379083067725832,5.867519812354187,6.37758815592732,7.067753591267159,6.1113636311463875,1.7786456215091246
happy,6.018593625832673,5.8295714223592245,7.744010828986128,8.30262525664871,7.548030381888668,2.3079965877416795
happy,6.01578692666669,5.424739948912883,6.103167136510358,6.335090242412715,5.604942873516609,1.6677944901990958
happy,5.906318430656818,5.302614838980276,7.6198116362825035,8.005125717896842,7.535940088210656,2.379864588272888
happy,6.277988358878989,6.050289520502561,5.949136943208341,6.609921826537454,5.468869772207586,2.3197192849514376
happy,6.052494054050191,5.629621123764076,9.434222233782988,11.452776273554583,10.351028492361193,3.638932544766319
happy,6.002260374369039,5.994915602566937,5.108953888680521,4.9912052702369465,3.7411486061637564,1.5322257457831108
happy,6.227273303154551,6.058840979860511,6.269176892664645,5.9871014046873405,5.343484835636688,1.7814558388184585
happy,5.939308218074791,5.978901364342921,5.13708647205039,4.948224795165277,4.18366977467213,1.591860740943347
happy,6.104456613034164,6.020270828754054,6.584702862930614,6.594101539861305,6.239732049965233,2.294871670956607
happy,6.668641730135176,6.572896335314169,4.31809331675146,4.788081122535141,3.457591552138735,1.0415958959205887
happy,6.799250326963971,6.685555250297955,6.14295001962255,7.120890966919802,6.140032573203501,2.4814697877855187
happy,5.603537422224036,5.59521682302145,5.8887894914480405,5.59205291503011,4.669768899317578,1.7170656966876874
happy,5.55375444955345,5.2696165337323375,5.931281109515896,6.415133796808237,5.275553115471145,2.0471959446899692
happy,5.611450600237116,5.298174353306193,6.453406393881189,7.3202916125323885,6.249108044461334,2.2968839055719985
happy,6.278046293850343,5.879150554020549,5.583733312859979,5.14834484554041,4.55182393372102,1.5643500283619247
happy,6.224326862402796,6.083967527829523,7.491592687591963,6.890741490094879,6.737143686931855,2.744644590827943
happy,5.41851151379765,5.35890399904385,6.854080572370325,6.479901808512306,6.224534326855856,2.408318915758459
happy,5.340137439832732,5.316762846807439,11.370298211126855,11.467028168301738,11.583633089646597,3.75
happy,5.828827041399154,5.738222224387881,6.003111962138638,5.516545155321876,4.715602584047272,2.0529159360283122
happy,5.7388077218543785,5.868315967754731,7.895499250544041,7.882654509605833,7.132748852629698,3.2039798260388155
happy,5.964495287526765,5.639395967576996,7.799596898805321,8.21425179993775,7.302651554276939,2.5355602426179185
happy,6.646568500725644,6.410426862722695,5.590457063818613,5.13323112540896,4.645272178888994,1.8483665363958064
happy,6.760849897279743,6.339898807300934,9.479602319806709,9.208542146049133,9.250375367759107,3.5833333333333335
happy,5.3671050380141505,5.3263470131726045,5.952644068826519,7.540810574010271,6.313063581513524,1.1594819275214956
happy,5.468356725649144,5.321743852398209,5.007174361535689,5.533089851084489,3.770015616874722,1.885007808437361
happy,5.39216113698971,5.21278295897263,4.82739390808201,5.149350533046476,3.6099706030800363,1.4660268394124139
happy,5.337987181550988,5.387138469642923,5.1423897506305885,5.681912928356927,4.908598539567227,1.2162422797365944
happy,5.436424631010825,5.695474925434541,5.175639707666857,5.7542256632759745,4.822314483848195,1.7396594765469544
happy,5.562501689247148,5.740846279994814,6.831934358485626,7.319141281757142,6.37748813788042,2.9817419376825947
happy,5.531264245791941,5.581243208297101,6.191610933614392,6.454456644324935,5.731082259696097,1.997927102569641
happy,5.980575832759842,5.839940784540406,6.245671417399024,6.990152908029265,5.930924217098505,1.8203826804955807
happy,6.123927760583289,6.112284697282723,8.062916582378584,9.119656322510792,8.337122657919696,2.708325198477956
happy,6.247800296307499,5.938819481241183,8.187435354405094,9.00421227554844,8.615728015134254,1.61721508012528
happy,5.600228006769848,5.506169577762024,4.612662901516695,4.59894721393869,3.5392975601007204,0.7307692307692307
happy,5.859975199499383,6.10640003890993,7.463724276790568,7.214671611244232,6.6927497643557565,2.4627400913203266
happy,6.101768762171719,6.278838850068648,9.53623390545988,8.762811984392188,8.781967366124297,3.1687511114881484
happy,6.194524065626244,5.8690446596307595,5.279398292909887,5.045464902243207,4.229471568892043,1.0918556499513012
happy,6.337784174432144,6.406953864446038,8.009345314527064,7.490665924875772,7.317393510507045,2.926836463046053
happy,5.336299976059516,5.882307832065095,6.595957259055719,5.5054697391417475,5.884007007264562,1.275810451318027
happy,5.626563016296041,5.508881946686025,6.796158048656478,6.613918910524312,6.063208721460939,2.254994456755936
happy,5.746141629784404,5.613541385094316,5.363963595964755,5.295225975464106,4.63699645364444,1.3391798899990164
happy,5.6766417756509355,5.290812617011519,7.196390210360725,8.128767402351478,7.401463327521544,1.7842102212287423
happy,5.444104604121655,5.336121964932168,4.8445160397450415,5.3486577848298005,4.225959779680771,1.4664779646547181
happy,5.570469112641055,5.716237940373494,4.815795072478719,5.460236118543954,4.537498086929501,0.9910712498212337
happy,5.545013335324566,5.852482304314032,9.69411930069687,10.197973810361422,9.725189476037347,3.40587727318528
happy,6.332343768148825,5.767199337674614,5.772432273396511,6.262680668212036,5.3491556655386825,1.7095886250302783
happy,6.3650532473538926,6.103228888985486,8.17976624657959,8.14738529828674,7.740513907716693,3.272783388968954
happy,5.476623816163152,5.8326648876712195,5.212741356663938,5.251540141985185,4.575336234361204,1.2614119949463283
happy,5.577442006619151,5.997607405395289,9.675984512131716,9.209973082148855,9.384506674154022,2.9942473580817115
happy,6.5991275393471005,6.309584178940291,7.6708714236925895,7.408948925162234,7.402702209328699,1.4063348739819326
happy,5.871931107273111,6.03242616502053,5.872845887142699,5.464096800912964,4.969270999548971,1.7314190180867717
happy,5.999505179400993,6.004000876288444,5.915065979969423,5.547164147560906,5.162189404311254,1.2642539104699277
happy,6.033501091872687,5.692023590532282,4.726286481825836,5.301262395648309,4.257346591481601,1.3158865365407386
happy,6.039664567535979,5.598414304359496,6.3312968485604895,6.979191830466402,5.912828296301057,1.7843095818160826
happy,5.549634019620573,5.598573098333483,8.458102397926408,8.729063696285348,7.769230769230769,3.1575962695036606
happy,5.494000826392585,5.353083756651696,6.911730261446348,7.608195824032275,6.442352540027595,2.0625
happy,5.55294901025974,5.306543716170082,10.259023280942603,10.539080604451353,10.086432030758504,3.75
happy,5.872993163540279,5.819618101760392,4.958604396399535,5.239471340963888,4.137523549612196,1.1416526558094864
happy,5.658263566751853,5.695857171251301,4.760547257221729,5.123982289274785,4.062393702775358,1.0809056378665078
happy,5.92265233344389,5.949432898858822,6.186789606200463,6.934398951068921,5.862239645266694,1.9885342070688465
happy,6.742515334495705,6.1514122532458995,4.639921410694184,5.206533861601299,4.164927424410489,0.9168176442024719
happy,5.894202708387452,5.29185436881972,6.8470408288929825,7.822242776637294,6.702467972551374,1.926535351748953
happy,5.953351188570506,5.1551119300764405,8.167530314364814,9.905571298331871,8.313128659422281,3.2382844974594933
happy,5.927916088674353,5.797548558625165,6.07578861471012,6.640045904753867,5.786296628150166,1.578438334808113
happy,5.905353287132959,5.84147580172898,7.409633080865613,8.003411418082177,7.009662700803748,2.8422882718132825
happy,5.474782118373022,5.456812678461996,6.175629544088874,5.786417387629755,5.269651864139677,1.2216004634526347
happy,5.678647057738282,5.629388630262147,6.388260918654558,6.836619073735616,6.199471517716337,1.6399450585985624
happy,5.782770909760609,5.699827882872279,8.89860154405171,9.388217656106479,9.050277037244056,2.817164564765626
happy,5.949834821730041,5.766070918306481,4.935275686217026,5.091560881180822,4.633584259812646,1
happy,5.4902249899973325,5.908251018724286,7.1427549145550095,6.071238289936822,5.89755305830068,1.9667039757680582
happy,5.786050669471689,5.797452326441634,7.268893243327396,7.000730723613806,6.394924685122966,2.111111111111111
happy,5.880555323065939,5.935256353389159,5.63159533727357,5.524712088640994,4.80408009096039,1.3318241836325833
happy,6.201482478924543,6.316259629525998,10.317139702525704,9.960777320282354,10.166666666666666,3.1666666666666665
happy,6.297538419968058,6.002540582049628,6.935024766701115,6.853589182189722,6.647058823529412,1.5893242454242702
neutral,5.856038237111182,5.966847158832383,4.858226815922395,5.299243714069199,4.152481601196549,1.1218826541377545
neutral,5.690544616342036,5.801418834771669,4.816301510619187,4.684675624161922,3.393699670305152,1.035054384859962
neutral,5.441880809503671,5.510525695950597,5.141511636537387,5.255372831418596,3.875,1.1666666666666667
neutral,6.194862890583796,5.836709200447478,4.073176484138363,4.15859427548299,2.716310723949781,0.8632629552669949
neutral,6.013779778834257,6.407380792967237,5.121113697291765,4.932099564951704,3.9935292489311958,1.3518824678560453
neutral,5.7671588997899805,5.312215117425962,4.859455476120569,4.892177345619693,3.519821056743256,0.9988681377244375
neutral,5.541867057364329,5.025104730262648,4.196179862410645,4.474667637436058,2.71946535246888,0.7748611721241255
neutral,5.875963867355481,5.55954919723878,4.788260761944015,4.6081253749541435,3.448474345075221,1.1124991330278216
neutral,5.735048242999698,5.608340849448748,4.549797489755887,4.837710005943258,3.3639434749233432,1.0918556499513012
neutral,5.827039542405836,6.1372627517346,5.060062863735697,4.918031067261708,3.5469772175115715,1.4490516289771722
neutral,5.090309565870976,5.667872690034645,4.857172927611677,4.599273184163245,3.1406784913675283,1.1486108700047504
neutral,6.105676117708872,5.649877789305414,4.4608224870623925,4.835104707798534,3.4163241529796387,1
neutral,5.860573950565342,5.381759358776504,4.667764433800486,4.848490789052764,3.505300088847071,0.8588502560843989
neutral,6.658379176918695,5.5704727071613505,4.802313911143487,4.60555705581743,3.1872199548703852,1.046433287139887
neutral,5.599376497083734,5.599815391605511,4.822831135932723,4.381341592086546,2.986343613046309,1.2700939674415381
neutral,6.389225312583641,6.0618820417635835,4.864828840492768,5.259391901016922,3.7800252120887823,1.1746768797469713
neutral,5.868709019554403,5.317023893399713,4.975013280668294,5.331216776860645,3.981225656592028,1.1544728541537552
neutral,5.353307242642954,5.543867631104223,5.469134687483878,5.239183410056606,3.9504853931673964,1.3802091781920633
neutral,6.27660564965389,6.057497783519048,5.051807071969645,4.966072279227635,4.149693319816065,1.2463097455526095
neutral,6.182223822347907,5.969568811854441,4.679080438226909,4.893177188134011,3.6397009053509293,1.1814720854340124
neutral,6.064660101095038,5.627655659045629,5.3114101294678875,5.414397073264327,3.953026068006588,1.3038404810405297
neutral,5.477831978443162,5.747695635565048,4.67736761827584,4.585612547104329,3.292473536995318,0.8503269574203142
neutral,5.6804747810404566,5.599756342464328,5.163359498763962,4.894194949232521,3.9908431776120543,1.3455506555325696
neutral,5.759123400082289,5.549824500958755,4.916589868943265,4.870014125340548,3.5228600782589155,0.9270517354105947
neutral,6.523120807171683,6.521597339329224,5.594770437870634,5.479037426564476,4.39334087492893,1.3279826452695775
neutral,6.097105084733225,5.285803616240595,4.560723138120089,5.339759206937746,3.514009945340758,1.0375883554549572
neutral,6.194112305393238,6.818279667953865,4.225317500295039,4.160962785950823,2.831956532583389,0.8661855860486004
neutral,6.189805847965378,6.377749745515871,4.724741168741584,4.724741168741584,3.4545454545454546,0.9545454545454546
neutral,5.889557103892644,5.851714087009752,5.048941046216585,4.828732180609244,3.508766827947971,0.9971817698776688
neutral,5.992998268431339,5.71209021798188,4.126030289039687,4.360267322493196,2.5338989185028256,0.8668260191017497
neutral,6.275230695766586,5.887855916570674,5.747543206919506,6.096031436360573,4.586503142954599,1.529941247763014
neutral,5.445927152611013,5.3295840873659,6.5404751006018715,7.3308919328631,5.347543961024943,2.457948216289811
neutral,5.470698836004717,5.2965446451371525,6.603196240182532,6.848024603916443,5.676766767610955,2.3079965877416795
neutral,6.07785932697645,6.0934163069072635,4.938875254143212,4.9660053865315845,3.6692117347052022,0.9053574604251853
neutral,5.715607903133423,5.52267026525503,4.8756070878977855,4.98876669990659,3.360473702494135,1.4984528103154495
neutral,5.580170409142468,5.714056065695082,4.968248599014051,4.823013448175451,3.5927835000823034,1.1857637476727498
neutral,5.942247411091931,5.965961096491487,5.049396602245579,5.1270793864233895,3.8145137912868434,1.0443762011289497
neutral,5.631032134902259,5.974709407429716,4.6809556445483755,4.345712410198065,2.9744178543124034,1.1894734808191616
neutral,6.725945831437191,6.7364252735356525,4.917830993194645,4.533843287041941,3.6055512754639896,0.9556189340787526
neutral,5.652437803211461,5.691236199938671,5.0648550357296065,4.9774641705299185,3.905923172268548,1.1914281907806479
neutral,5.484120497473616,5.9236984147002945,4.898084379647457,4.539186093703654,3.5047193684002242,0.8648317086563839
neutral,5.819520688733496,5.770938010982313,5.357568624182717,4.923314208146152,3.8961590575414204,1.2642539104699277
neutral,6.131362956710224,5.154253890588717,4.674423825355749,4.828670109704575,3.364776561894624,1.2297540737754085
neutral,5.9846731251278875,6.115243264445676,4.282357114792994,4.733619093330038,3.4972135479054436,1.083194454058593
neutral,5.778919377210428,5.684033262389148,5.170366124786135,4.953697511027141,3.6097431690761423,1.3919835298767063
neutral,5.23768886387113,5.070838653597916,5.225080141605289,5.554248934298667,4.260184417454042,1.8921179924194922
neutral,6.0465538314489455,5.68118696992035,4.626762442646251,4.490454811993342,3.3085866411702414,0.6923076923076923
neutral,5.936435738714585,5.840810847624963,5.3426909077226075,5.40961355577093,4.20766204554296,1.5251120781204015
neutral,6.4381470884258825,5.9331785985364025,5.221803282241343,5.164100122489084,3.727549878831074,1.1826919846597899
neutral,6.292028916596189,5.241254798338899,4.668427262843515,5.13611060269324,3.621429841700741,1.08737162422988
neutral,5.810350624839774,5.82600024454,5.3164354519846615,4.860643961452359,4.078130397741544,1.4062215388741002
neutral,6.411851549996316,5.830205668960713,4.9910126272262865,5.548864361242135,4.0836753659396114,1.1416526558094864
neutral,6.1557865856513665,6.035214247193672,4.72310222719238,4.582481308434698,3.1649088721006553,1
neutral,5.901540951101842,6.076572003573804,4.920665519700089,4.756029314415851,3.485047726495956,1.3072431633367747
neutral,5.404690673539833,5.255936744919548,4.665493826610045,4.600754712871382,2.95165066588479,1.11643311196046
neutral,6.564803188646334,6.220941363132558,4.224538667641804,4.40688564435702,2.8779763035566965,0.9192648820240462
neutral,5.201471296041477,5.370727228580899,4.759945238178895,4.943669238088452,3.222806510237055,0.9611157583072661
neutral,5.768637792343562,5.362309403673641,4.414234662420279,4.724991002493599,3.1761731503113633,1.036593336490956
neutral,6.226396924560738,6.082169724937661,4.915971780537047,4.63407984443041,3.6055512754639896,1.1728050554602873
neutral,5.513336173310743,5.521131295789794,5.465798843521694,5.1529325898607645,4.043317485628943,1.427747014866968
neutral,6.022321158905681,5.881847845951543,5.44354907928713,5.0965467191111316,3.9237644681874,1.3867504905630728
neutral,5.772230319269292,5.466295586102097,4.691090490199153,4.902581234666796,3.3442224102789218,0.9594728945072485
neutral,6.4993321999433995,6.318708698289907,4.413471233892732,3.990589001735418,2.998172959635653,0.8512681917272461
neutral,5.652405390290245,5.415612401347333,4.859603873901719,5.2390211954416355,3.5566048701320745,1.1377091115359452
neutral,5.522874083501204,5.236419572001999,4.88663987488653,5.156682666004005,3.1754930869358957,1.6402302673555438
neutral,5.35850233534489,5.28761852663722,4.554206868991593,4.775546166785585,3.4623930569005847,1.2698133860937828
neutral,5.403755489822763,5.640061144912836,5.183124108947798,5.212404036941418,3.958671179161752,1.652745896412888
neutral,5.172959077444093,5.465729537125698,4.981939413751386,5.00532190321508,3.5824045254142978,1.0855917888701958
neutral,6.077433019626289,5.906763896712532,4.780820125173915,5.229307057485643,3.8424009348088886,0.9966235131514267
neutral,5.410314994376167,5.291546873162831,4.873714377365642,4.633422417057082,3.397518357627422,0.8792968436751747
neutral,6.149375460905507,5.988056676034576,4.957476563184659,4.800729177659826,3.6,1.1510864433221337
neutral,5.732612014810199,5.7090998402223905,5.361390524467678,5.43248680170484,3.9980198718775273,1.3802091781920633
neutral,5.305506092713648,5.90248470803295,5.530128213998079,4.486925779027228,4.105277181080022,0.9889363528682975
neutral,5.4073968102366345,5.499259344287999,5.01475344471376,4.959074659596677,3.5652296727992585,1.3213653506038208
neutral,5.653202492593437,5.176596330215739,5.116712995376993,5.78756300234533,3.9479152615929087,1.6986131940622604
neutral,5.432476643742942,5.422162608769709,4.470144918992359,4.914617768279587,3.259601202601324,1.227743027337753
neutral,5.600369139028196,5.606122710269563,4.408981843513422,4.343884191833726,3.0806490904217085,0.9231952732523013
neutral,6.116613905191478,5.853227075937593,5.021088809113687,5.2600891676894515,3.769929857970917,1.499140647308441
neutral,5.563227689326205,5.876227182969159,5.211908330596678,4.994732787281674,4.003115130485561,1.2675362714518206
neutral,6.266067869546546,5.8934462044083915,5.746940129392515,5.282905847930898,4.100936424526848,1.4190884943146191
neutral,4.8824421178218795,5.216314703356369,5.157468980151211,5.15270960643787,3.564235343647451,1.6077641805866179
neutral,5.876446974826388,6.235186562611434,4.959738129009686,4.8780496167674166,3.2611594074085524,1.3485271668931151
neutral,5.478791597884907,5.105486178055859,4.455903896477954,4.647721256058495,2.8121912271010916,1.1205084307041928
neutral,5.963186688061924,5.558522875845426,4.69476975054473,5.187785792646269,3.879785862224099,1.3541312342584526
neutral,6.003739716514263,5.64090323513895,5.129661332799674,4.794324052879114,3.7918955974844852,1.1666666666666667
neutral,5.768609408525149,5.68454027112302,5.308532416143243,5.524353503168996,3.9641789458492807,1.488696146369774
neutral,5.699644969679468,5.432211898535393,6.7967074229746265,7.1400246394118305,5.628124132426363,2.063446752402397
neutral,5.554620538794933,5.556936037681437,4.627086103592349,4.787321618586921,3.1655472915709875,1.2484473115254693
neutral,6.6726215982739205,6.159296251888822,4.269212159893636,4.661442517024646,2.9619525552069743,0.9600652267510855
neutral,5.508491178967251,5.147605404639675,4.4446931409410455,4.943186197218909,3.3001768425993507,0.9960489770431823
neutral,5.97050370915211,5.531520856091263,4.724015780004917,4.953064900181552,3.428716605521023,0.9971817698776688
neutral,5.733541203184853,5.568886605246087,5.371296223594319,5.229213241948104,3.9303969013294573,1.1981834435329324
neutral,5.866612059014178,5.603904296000553,5.0105811805748734,5.590840589128883,4.1392613064284705,1.1455204906810421
neutral,5.97434028455452,5.958893063689036,4.233593567868383,4.184841587593874,2.9618579877715314,1.0369872061667031
neutral,5.547098939834271,5.858232641854736,4.517850126160997,3.941364523918655,2.7902332267848173,0.7651153245452705
neutral,5.957976209807292,5.895061302713675,6.286038694400264,5.931354502546182,4.794271311313513,1.947567060811797
neutral,5.945037173007248,5.807552342022337,5.269212448987032,5.048779163123455,3.910315337378285,1.2162422797365944
sadness,5.325585867387968,5.46820061631341,5.21984726639907,5.121124335447113,3.997168809365704,1.002826194990184
sadness,4.656357662950992,4.859092159079379,4.72725254358601,4.302018382836239,2.9367907866819736,1.0639627023616156
sadness,5.12316216499018,5.026003113862135,5.4044387182685805,5.5313590987051535,4.084023173663303,0.9566056343251599
sadness,6.044663169696544,5.940581574127965,4.150337725919359,4.392829862363131,2.737242515627506,0.8933588533885441
sadness,5.170582898471433,5.441482686497086,5.690587826497866,5.283365533195447,4.179810656073139,1.309944009258791
sadness,5.4150211459831885,4.71965201078363,5.089645020453847,5.243751204765659,3.5824286474192917,1.162669580756554
sadness,5.228035513799185,4.621030681938574,4.373657291779241,4.931950870127549,3.5355339059327373,0.9549268275117415
sadness,5.294384946216122,5.313989844672438,5.1818064981186165,5.5037543431971825,3.061085136766515,1.2352941176470589
sadness,5.365932031048906,5.348669066433062,4.8576585200494,4.630324501930371,3.2384453592227245,1.1428571428571428
sadness,5.535709476111105,5.903198429274514,5.6262102517724575,5.526447693636847,4.288316123190289,1.4680505487867586
sadness,4.536185789542268,5.211685411247186,4.992092415913944,4.862901725054483,3.155038556449497,1.109823101702776
sadness,5.959187362523595,5.589993371404315,4.377974453737202,4.558658419152106,3.0931979088263035,0.9037378388935388
sadness,5.380959251453248,4.89744966862016,4.916416320862168,4.732726229580874,3.316283696634093,0.8428565950498367
sadness,6.407177337508579,5.717412925388745,4.87959020554052,4.9686676367159714,2.653599046898631,1.7396738281515265
sadness,6.126719035753796,5.585868254226764,5.318328546559756,4.900565215352856,3.8145137912868434,1.6800834539900493
sadness,5.662905891296109,5.553423932980669,5.7308992125971,6.577171423571556,5.099019513592785,1.4795672242194529
sadness,5.331396214943107,5.83316598356398,5.277210773193079,5.078235240699907,3.264312746186865,1.9470448393802793
sadness,6.270860441154111,6.2350061433389135,5.788404266584678,5.945520040651251,4.646333461359219,1.3814979498232538
sadness,6.457300834795808,5.774627123875225,4.447153189861751,4.934684327584261,3.401294950375451,1.1170077985485816
sadness,6.148504354391294,5.723613064035907,4.896942757604505,4.87147426930983,3.223416038755176,1.0389668208342941
sadness,6.738811798946911,5.903666128345192,3.9579660442155538,3.897554333403824,2.2544392680219674,0.6119329864567825
sadness,5.59518994818664,5.410914215689595,5.11859781101132,5.3816465342119955,3.6457880593317658,1.0498782734333687
sadness,5.4907363587829225,5.489199936890228,4.604258037996718,4.877283171635126,3.0369866103150467,1.0389668208342941
sadness,5.802047985030876,5.06178849758151,4.8282311874089645,4.791103625131365,2.6538461538461537,0.80860754006264
sadness,4.835633279166941,5.039596924887716,9.36874776600247,10.527301982370336,9.011715107254108,2.5932162737037254
sadness,5.462600658180492,5.550290921268128,5.443129884340598,5.5721244191987935,4.097624151965754,0.9501279609319148
sadness,5.376737387264583,5.4836347645998,3.9720653603124347,3.9925392979797305,2.1561030791232776,0.5319086662842529
sadness,5.68290543409614,5.562156885137334,5.356391347678585,5.456612797656899,3.9152636473264812,1.291218171889506
sadness,5.859988348435932,5.875532390417118,4.3296237665359545,3.9547197450902263,2.124296443310437,0.5380805570921307
sadness,6.50309990976247,6.30344492926967,4.610759826370893,4.488085629990992,2.8267291708284716,0.9658077637337258
sadness,5.6665796868821605,5.640414520112898,5.457332379702262,5.84584113743627,4.363442923465535,1.2160010430034036
sadness,4.846594052658587,5.124536502674488,5.608396919200226,5.277599117697547,4.369689099407961,0.8437483969411262
sadness,5.829628411463352,5.875256345759357,3.910693888737873,4.154222598438214,2.175728451712678,0.29545681197793683
sadness,5.806233643201004,5.348383659040319,4.879495478634057,4.454351692229428,2.4543392619688613,1.2088653891695245
sadness,5.400884400057436,5.329328690151137,3.9116421418323393,4.300367635270742,2.2057687972562827,0.600434861445019
sadness,5.827997324394445,5.571649998682198,5.4841162938334005,5.498672238725302,4.151565353038064,1.5200592767317191
sadness,6.06604746165076,5.209306827907791,5.843895746158438,5.844510003058865,4.368421052631579,1.7925669858869897
sadness,4.9932798772810925,4.639406956607033,4.057041070513141,4.033833956597113,2.000918062935658,0.48579453157216357
sadness,6.2709216419157805,6.197494834440532,4.726259829530001,4.625741503282717,3.0468110954307077,1.0918556499513012
sadness,5.204896972145919,5.3237516633932715,5.503002198426627,5.642892205897311,3.948545458261188,1.8512067124270133
sadness,5.631051259711285,5.410723692150692,4.9365427189703714,5.183116326054954,3.3976050669227305,1.6367209065427586
sadness,6.349342932056716,5.992210084052019,5.211161342016598,4.78306747926695,3.576448462729105,1.720179174807852
sadness,5.322425549252085,5.308698030745507,5.898325766744337,5.402675592729259,3.994471317330039,1.2088531618235645
sadness,5.768484272376113,5.374346104882671,4.994124218285244,5.4681940599626895,3.1121205178538727,1.2295384117148813
sadness,6.062744607198743,5.595502942771371,3.983572502154973,3.9910977014995597,2.5814514869345233,0.7741935483870968
sadness,5.540941194938245,5.441054859122964,4.545890659399156,4.871521953461073,2.989977002678757,0.996240588195683
sadness,5.258328614668267,5.109693246490568,4.923454240517357,5.405614513098652,3.420741233743835,1.4975470138942313
sadness,5.172959077444093,5.465729537125698,4.981939413751386,5.00532190321508,3.5824045254142978,1.0855917888701958
sadness,5.383118549417115,5.406301043215819,5.208338698671467,5.508668487949413,3.74665270391993,1.202657074938758
sadness,5.6220506453373424,5.560145562167946,5.295588577974874,4.789706446975252,3.443055705018353,0.7604437917317666
sadness,5.949448990202455,6.110762547566299,5.052103517255166,5.04750313292938,3.6957210547758086,1.1995427225164363
sadness,5.901453716360514,5.535242342239657,4.827848433748649,5.116014236315698,3.634951345909421,0.9465936847245474
sadness,4.624585377142585,5.630065337128185,4.118266819330117,3.56630686148164,2.217549497349693,0.7391831657832311
sadness,5.454027644552803,5.372089196012142,5.15857188317942,5.299950624409118,3.543871862494153,1.87546290582115
sadness,5.559337158275895,5.052729970482737,7.219716102646867,8.639055016213113,7.1745876655879135,2.3079965877416795
sadness,5.384383955221687,5.134202043773168,4.802146736774127,5.334926127563777,3.5887565103999455,1.03745438729776
sadness,5.793326564177323,5.772888429077035,5.574675117199049,6.138263857473854,4.415765596271731,1.223502106108165
sadness,5.399597964768297,5.606948960659977,5.010624582419089,4.902237235089908,3.413134122193629,0.9989685402102997
sadness,5.521784440779888,5.156161241978242,5.195986700962033,5.48049671881555,3.7596869419726087,1.5
sadness,6.156669893327177,5.801408833474289,4.931163760464979,5.100280444452138,3.4147198945748896,1.5010106358526603
sadness,5.417027180980906,6.033795497002449,4.063059049152921,3.9998201077714652,2.924155421913625,0.18872317917035092
sadness,5.616445927459601,5.544504444416475,6.305793894794922,6.051037761052186,4.86710550053185,1.309944009258791
sadness,5.949945363616092,5.63380603763958,3.956681687963325,4.003323302456402,2.0001928919327434,0.6111111111111112
sadness,5.977436596021114,5.818898704412507,4.806250745863583,4.80590771455706,3.1517503518917747,1.153634037238813
sadness,5.518005825848327,5.7986800358554955,5.100617778750527,5.043460698580075,2.2411080564455346,1.792038343668502
sadness,4.862484092174439,5.070568412070202,5.221317510815787,5.20367078664686,3.715506514882126,1.1914281907806479
sadness,5.156550564714738,5.259865898781717,5.116586044809461,5.367421320243443,3.796572808110203,1.1496502775185606
sadness,5.7173331309947235,5.031800665492677,4.542805601499586,4.848158024990557,2.7046734575508045,0.9646984644770814
sadness,5.628171178630488,5.592118873893472,5.455576007728794,5.107420400575646,3.9567606234620714,0.9565217391304348
sadness,5.797458723222572,5.7515036388239515,6.897865485736581,6.482569251503321,5.491538635667668,1.4616835400766672
sadness,4.8747970862863506,4.805550035623482,4.453389210563737,4.666647215099691,2.847822280817268,1.2115650656307653
sadness,4.640945798180734,4.438074599099964,5.390950930630793,5.644823142493718,4.141594981255898,1.4347219125294401
sadness,4.951071927654647,4.8173533928055035,6.067350932686654,6.329482770576838,4.843249292769407,1.5272229608996746
sadness,5.447773784469612,5.320733573379453,6.83157731618793,7.454828591545736,5.679507842984407,1.8713485846554159
sadness,5.535958744526671,5.0605003495016945,4.679096662492247,5.049655331033842,3.8684653090569117,1.03668788967757
sadness,6.47970979279787,6.074927276129629,4.527066008786034,5.271722589912362,3.0217788702986863,1.180441706714406
sadness,5.950112072341389,5.327979183085642,3.926078816564159,3.9926981891878723,2.0499313232482033,0.4710021267605585
sadness,5.425590123352196,4.902397181841749,3.8833918449534934,3.9130616798729343,1.7164584201770579,0.2611450196949492
sadness,5.664044658718047,5.3685971794887,4.076313198478218,4.256176221605809,2.3570226039551585,0.553383286999728
sadness,5.42829571478854,5.511539561635816,6.055716896747457,5.697406212062948,4.530939390976874,1.1779402585000462
sadness,5.159697765730746,5.27295582794246,4.523027245167025,4.5636940105996775,2.0478584961346806,0.8527301472073939
surprise,5.461204205776809,5.8817876530680095,5.2547111716832,5.447321497287222,3.0304823921962925,2.8771411464282712
surprise,5.6488856125502105,5.585116890189717,5.313642715333662,5.072889337947098,2.7605596633966116,3.0352663565055704
surprise,5.267277198455637,5.187695568432915,5.671040241284672,6.0833874264617105,3.870542133644534,3.522812504166026
surprise,5.470160358248238,5.225185450480547,4.620812145963472,4.902264202343151,2.793644843270859,2.116631093509102
surprise,5.55357135367397,5.581051171308066,5.631138694520885,5.7948818853851165,3.4705882352941178,3.1770152038566533
surprise,5.916722575614791,5.305861442388471,5.963408295595341,6.182690664853899,3.6446586377006356,3.3686141031008217
surprise,5.431015866297491,5.127681135155341,4.661655725239784,5.211718587487628,2.71758089146199,2.674254913852136
surprise,5.582492981632844,5.4465145263590085,6.9158434919901595,6.836108077792913,3.6024682896283458,4.867123266251728
surprise,5.233672023361088,5.089438673665415,5.892789113174798,6.030694954439168,3.438641799568919,3.731721127610881
surprise,6.003165943030348,5.852092116414614,5.490263446357924,5.541241806918713,3.0479910487248114,3.095604373932382
surprise,5.577341256135185,5.948112214242991,5.08086600721178,4.917545384174325,2.360883413428812,2.4934340004808826
surprise,5.799239589115588,5.5079359832352885,4.179651307678341,5.355160369855743,3.957561759716103,1.1509084081430747
surprise,5.535698911752833,5.15390679345818,6.007963828786824,6.045620325776628,3.5110056242944356,3.617942256703319
surprise,5.0069578338935425,4.8038691013150014,5.857656737852971,5.856904850770247,2.5898294335429433,3.360473702494135
surprise,5.211437326984708,4.992684210118414,5.974177513741098,5.7246304259960255,2.8663719800604577,3.579868351385175
surprise,5.885245640468983,5.6690115516647674,5.347501878524784,5.876171289362414,3.086974532565159,3.2927728347361698
surprise,5.37973197558741,5.258231930269367,6.554538244192153,6.201912468819141,3.5159348334132967,3.700288479491926
surprise,5.547083244273529,5.362605948611371,5.003056219333098,5.622406253065987,3.8819205209139804,2.2891262546877993
surprise,5.874790092871491,5.226647463985453,6.177575161774142,6.4795709997102815,3.344948317281303,3.823462818509983
surprise,5.542362704572203,5.5458020326439,5.466251956231499,5.0455241496150816,2.935973807194436,2.781545293475046
surprise,5.688067767245736,5.496501472806005,5.592421255343629,5.676097236434028,3.3383869737055494,2.8677757811646436
surprise,5.688993109840153,5.689306372623775,5.772349258999614,5.890404158998441,3.995710696624461,2.6003332194135353
surprise,5.711898116874115,5.477071574523806,5.196444745213465,5.813081844319804,3.255764119219941,2.4560368051641994
surprise,5.289177875399933,5.501546253991352,4.582682650894033,4.620022789995168,2.688278418450531,1.7234583802919565
surprise,5.233180905945943,5.147599095567185,5.264527618789483,5.599714620486632,2.9984272607044935,2.7365451294073373
surprise,5.450725718769261,5.307799067248027,5.573780500891372,5.470637501614878,2.8698945792537827,2.913367924826253
surprise,5.565730385340332,5.468661315035273,4.673748441397685,5.188253542262041,2.4717224287338335,2.578189058918956
surprise,5.027050770368424,4.851902268643002,4.915868804881042,5.086891372655561,2.618444194555232,2.156965461012299
surprise,5.680432180361126,5.707021489680514,6.257474820406144,6.874075457400336,4.967127434323128,3.2715549318871213
surprise,5.623520688361223,5.428406666458197,5.546122807784334,5.645763319989657,3.3028354651016856,3.288063111676716
surprise,5.410221709022615,5.383149748705541,6.314282767187365,6.016497589529781,3.582133884755961,3.880963950891429
surprise,5.168714412006377,5.185454678898501,5.476434968375687,5.539652588584491,3.297128484215714,2.778024680385063
surprise,5.847622465057911,5.618315000631715,6.162891702281936,6.31223909355843,3.750333318519835,3.6503424496887957
surprise,6.001773938743268,5.842152050531881,5.212222670052649,4.780179553138815,3.0760489288753963,2.2889313083669425
surprise,5.8824325520804805,5.566853581836789,5.2765165983656175,5.123696957359318,2.9484069339688954,2.9481145348077686
surprise,5.417870296954474,5.514457627981432,6.03200427612556,6.1731436808235625,3.3774605577274364,4.186814035123351
surprise,5.29233354132891,5.43675354032669,6.176859458307302,5.731626477512018,3.568654384729216,3.6162028533978945
surprise,5.8532467300428195,5.617966684850194,5.685755845644655,5.670650018429292,3.684586446986766,2.8947368421052633
surprise,5.561185930195502,5.292988458436115,5.878033157064804,6.28145086494939,3.292686591502145,4.012404700516914
surprise,6.004637004192213,6.132464599772104,4.617888940372852,4.96069228644058,2.522872054211319,2.5925925925925926
surprise,5.230917915027607,5.033592163483025,5.857988099883585,5.830738575558497,3.3150702438484596,3.087720942468199
surprise,5.852780826733298,5.673261973959047,5.246030896757602,5.486249724193819,2.377897032944743,2.929293446381205
surprise,5.7375967705639805,5.281964381765974,6.398851985325047,6.682394409603328,3.526704087863909,4.239165193991632
surprise,4.985746008506644,4.660452370985806,5.444923591709006,5.707838712117656,3.3150702438484596,2.452434094872016
surprise,5.437573618370987,5.2058523366224945,5.690986767191882,5.4548355454385575,3.5444162563020365,2.8156411439575164
surprise,5.865241853465988,5.36996511988521,5.446611976069662,6.079957992197655,3.0756563996861845,3.2944891161734566
surprise,5.7066329577706245,5.39576975764834,5.349506138463466,5.167678096181719,3.921870100954058,1.3072397406921847
surprise,5.170631535904861,5.250373944284426,5.932096556588868,5.635373308262653,3.0455659076948587,3.3015148038438356
surprise,5.837595219114716,5.913727327751077,4.571206744891608,5.026553698577951,2.505533020416187,2.4981529365782853
surprise,4.834034810537327,4.970011657508991,5.699439735885285,5.906549154269337,3.0557709091253233,2.956604375624555
surprise,5.378079291803051,5.250106613028044,5.452706548903332,5.876646401906564,3.4918624612484184,2.7869771041955738
surprise,5.901290069412691,5.600959932342807,6.06896984302932,6.2536235388240815,3.318334244016032,4.261756784293164
surprise,5.382198702358339,5.193490979978464,5.496234043043637,5.11832715936709,3.723705061016957,1.9071217585832994
surprise,5.420008697195755,5.498608436895971,5.241173047563449,5.201971322356323,2.7396460313986717,2.6076809620810595
surprise,5.386323464583442,5.358414179648445,5.384475721340381,5.495488499279232,2.774125232377104,3.028739106127783
surprise,6.091995964844108,6.113787755477571,5.348976294142425,5.048920674036595,3.0840429236177926,3.1277817807392716
surprise,5.493068935366932,5.294938016769882,5.732653393162915,6.540711742000393,3.239988387706852,3.781141322797959
surprise,5.526580296742988,5.582821196832535,5.298272106125526,6.062530805103673,3.4332388080166063,2.5870966945459717
surprise,5.080056503689486,5.052745860913451,5.324300758434652,5.489226784506011,3.0692329654014907,2.622444835793568
surprise,5.399148955887608,5.170273080696019,5.810210294799319,6.384924694437227,3.338771074849163,3.8098214169465927
surprise,4.912201705966212,4.981544208766203,5.328413610176834,5.214872751297637,2.477830698497014,2.683502083463447
surprise,5.3463827276900435,5.2629659439099425,5.304942968430856,5.171180857463558,3.0456556107917896,2.2831271719415716
surprise,5.711917305004025,5.513623260441329,5.856276777250953,5.873457441468217,4.051234379790929,2.1505813167606567
surprise,4.768938690017851,5.085375737933207,5.812772737634298,4.927134991690432,2.6724734581934957,3.581194866583453
surprise,5.323788235591242,5.149992956050782,6.057331436520127,5.974082791670778,3.293026085111844,3.875220125687098
surprise,5.290602635710053,4.826465859018043,5.486764678330476,7.0941832289296585,4.440125529161841,2.5779149802981567
surprise,5.576167881518081,5.506697473957637,4.981855049857239,5.59926828606858,2.9167366938372186,2.531274963566082
surprise,5.211507212185783,5.2656538785206415,4.956183403807497,5.3298875604594205,2.944250862050673,2.2555689395085916
surprise,5.216731659989588,5.273092961460617,5.40247821678269,5.504389087735223,2.7202941017470885,3.2409875038327436
surprise,5.268756245470165,5.150643836070308,6.101908561864866,6.237348103203872,3.5702389744723853,3.6199547508484193
surprise,5.568121193818168,5.5078154371214625,6.213635799649016,5.992896089480762,2.955008540038102,3.823462818509983
surprise,5.769712830589295,5.840039484340068,5.670953291118316,5.580628548309013,2.4512488020711345,3.944660293052648
surprise,5.202002739661303,5.263354219276665,5.86941172978373,5.742080278262543,3.090909090909091,3.273042914071762
surprise,5.164467065648525,4.805609962818524,5.741883828866166,5.471081264908158,3.205822259652782,3.0390297639892374
surprise,5.6237611357999455,5.557688062232219,5.908151308726037,6.207434517847236,2.4913785768354746,4.301400839299665
surprise,5.0743305712685745,5.202161724837768,5.398478263826735,5.774298667619247,2.741758811294375,3.4901338774835873
surprise,5.81623415433594,5.589442399052563,4.6779631300842315,5.330905075501984,2.6150334605889842,2.4803225596683993
surprise,6.360021614530574,6.111173849575153,4.54792277978734,5.02677978369262,2.6945871668958863,1.9616319736382766
surprise,5.252018891800563,4.897238428416298,5.76873040559293,6.052097678879392,2.637890531025524,3.917683347528434
surprise,5.711473746964964,5.519740305269628,5.739435182076923,6.2847404233237585,4.205035129697367,2.8401229449693615
surprise,5.233281704393714,5.4674845960696,5.0630853964186455,5.035318023828296,2.6,2.921095684841563
surprise,5.302250727689501,5.1847810811380795,6.060674688742523,5.510136200983128,3.107930052128739,3.604144560387441
surprise,5.779495992589604,5.584516767981224,5.7735889674384175,5.532957323832273,3.331484178023794,1.998699750648131
surprise,6.214755330490504,5.887693517053869,6.901432075449606,6.867634393448284,3.5556569898140458,4.740454631399772
anger,6.429599112189843,6.213343466806178,5.049196396428829,5.1202516828559475,2.904247981966258,1.9663185191817367
anger,9.222231941302226,7.543975892674552,4.205460243493355,4.616809842284157,2.6253919567998354,1.0936624529422274
anger,7.317382597605523,6.822524518164901,5.240743302423423,5.62107751080884,3.9535282327976793,1.6666666666666667
anger,6.774421268625696,5.922515772990186,4.739941711903809,4.815517442802603,3.8320458491448153,1.002596283036746
anger,6.045202861308545,5.127294530995229,4.413075016245001,4.675016526889587,3.3569674960045073,0.6939297237750099
anger,6.75338531927175,5.730330983856527,4.644725675664642,4.466217484388183,3.0555131107695823,0.03926856307863329
anger,7.47923172518639,9.336153537945961,4.519404262729379,4.636880739733025,3.505731798129245,0.9473169091834424
anger,5.481553885434341,5.634383325474533,5.119218516559686,4.984973252167488,4.08694173967591,1.3168221666408495
anger,5.7117007612771244,6.05614419693633,4.017647929721909,4.127296945831482,2.5116841265931784,0.44286275567298905
anger,5.564509751098395,6.338324656336011,4.249272635665505,4.604830283021185,3.4134565169719715,0.7959491216915319
anger,5.931349983819143,6.671961858927258,3.913378245127147,3.7035790204324783,1.6273338890059887,0.40571302541932475
anger,6.244463392748082,6.165587096569127,5.038159596473544,4.861092869312954,3.9576431492903197,1.039168997070661
anger,5.903535464441607,6.150094150931908,5.060706667144155,5.088859391789194,3.7038888842594906,1.9643600898038696
anger,5.650203178771898,6.519365895414884,4.771247070086021,4.741084166318866,3.6313299116573896,0.6676946806414795
anger,5.818912420029969,4.910290256444089,4.179877005867983,4.679041754208236,3.2723415436170766,0.6302858668672516
disgust,6.332460580151232,6.367297553185233,6.044497792136207,6.235935115839616,5.13791689746427,1.9524899985838944
disgust,6.820672640998527,6.0865726132325815,4.729489518760996,5.008286102098656,3.2463668759138717,0.7406904659090008
disgust,6.6106328172401,6.433008748449829,6.75499468958243,6.9080185411738775,6.1441535984541025,2.8005165180872975
disgust,6.5812492630813795,4.171952925301635,5.03740680143679,8.96337553545914,6.025665272424999,2.582466999299146
disgust,4.595050310024383,4.987293551087586,4.934233146303209,4.884908732310164,3.385170325759578,1.5778049325615784
disgust,8.118149445407711,6.11767261677074,4.244275146431903,4.362423202858154,3.4035967724983363,0.4253085609456408
disgust,5.57919285452099,5.626971902690578,4.453744468524775,4.954605299373123,2.6859274817634033,1.2992783790729006
disgust,6.377564256713914,5.915725025830522,4.509729003980062,4.874328324381377,3.8369548110737797,0.7972583740749795
disgust,5.553768262172832,6.500302478187615,4.007698813239647,4.023824075324468,2.23017006898249,0.6803872641873102
disgust,5.364163236627972,6.066518546058484,4.468681764328714,4.359161806020497,2.5312651719617434,1.07604143439708
disgust,5.377063553342527,5.383375389196919,6.203337519330205,5.921126633336237,4.798687035041353,1.6322939568729142
disgust,5.980762108181493,5.954508869039582,4.470965560492831,5.795580148572315,3.6404206005735587,1.6191018508682509
disgust,6.754051783855843,5.938103719968474,5.148973835027276,5.944831157065927,3.662323117840509,2.2655558617769413
disgust,5.33439087274156,6.487222257457603,6.771892700368872,4.950934465610036,4.930712585976249,1.4998470870070955
disgust,6.1234893428320945,5.652427177277344,5.779067761329124,9.144070031044622,6.32402707817759,3.5422992797168344
disgust,4.92854044844618,4.879977035949921,5.684696693515898,6.419020354720361,4.424456155774203,2.619697670433849
disgust,5.478292221879027,5.0940719353240995,4.050664706467657,4.165208536657203,2.226335730293603,0.8582567360233755
disgust,5.3688451441956655,6.147921353621166,7.071050544722276,8.096391056935435,6.534439151727126,3.2603426590074314
disgust,5.051938314990108,4.2658042807855985,4.241649889316341,8.505110060202133,4.280066064588417,2.028248777504445
disgust,5.1412259740932535,5.703729184264553,7.109365262825376,5.176074353594895,5.1003296980639625,2.5593185340192828
disgust,5.134679911028732,4.920202760671542,5.78852930891772,6.30564857086422,4.3009792737159005,2.3911640711465108
disgust,5.484581095010137,7.4927744438014106,6.244857026587885,4.58585611056605,4.118661679339155,1.4027877745797985
disgust,6.519691032656597,6.41145611432974,4.486350817127727,4.363713355263679,2.995860891588898,1.3421847317022344
disgust,6.13554322594195,5.998208275239261,5.589942022067492,5.070288799629019,3.5777751549506887,1.7950181785382175
disgust,5.9875258856228495,5.765413090496212,4.608914531996119,4.754161043738781,2.758836198478567,1.5551685908661628
disgust,5.752895946041267,5.430346706494788,5.21602787871514,5.797617821004646,3.70690928815209,1.3394467690277294
disgust,4.830560663921778,5.149747811448975,5.6336120957479405,5.068765327082671,3.475368197899468,1.9736600958682573
disgust,5.384935669228842,5.600979451205797,5.29862520312115,4.720403277414544,3.901337970005211,1.086748313921038
disgust,5.069462880904016,5.5224090247161195,6.3194104520629875,6.0033399966892995,4.439354138671449,1.9173952368726752
disgust,6.856260307912449,6.738670269654392,5.639827409117984,6.8998274045632915,5.356222472133179,1.433319275345769
disgust,5.219974132106447,4.986154546093286,6.610208878489976,6.511762870721275,5.551167566074133,1.7984476542527674
disgust,7.391043298262417,6.280436798444147,5.622082223905627,7.574861481029096,5.390024960731326,2.2164652500070416
disgust,5.335094243283599,5.733817984038621,5.563591983846674,3.8004801946150124,3.7786471173013587,1.1732880508272383
disgust,7.617506988154458,5.754913240834892,5.097704368472277,6.058031750996707,4.6995214499708435,1.5095729226910284
disgust,6.0630480179153174,5.120418182316844,5.802957168924864,8.125959718449762,6.147692058574407,2.7121729946559783
disgust,6.855906396113138,5.096368447008064,4.362545101183267,7.497338429473234,4.693348797583641,1.7478689514833865
disgust,7.19458721096778,5.341920612843442,5.352943201979104,8.743928889694846,5.738781225879431,2.258226087494488
disgust,5.207033820001073,5.5597886161926855,8.576005326354082,6.6477972272101065,6.289487418829475,3.171214873449118
disgust,7.216299802253243,6.541774162708375,8.12774765567416,8.40871123691608,7.837499342206434,4.061706775351221
disgust,5.706501197681403,6.630600530104157,4.71251087373986,3.6719248094172157,2.7741295944080018,0.6939763351477284
disgust,6.063327423428656,5.8468746416846,4.698382971996262,4.493920478800016,3.2327469929557497,0.8637179564376668
disgust,8.268850761124202,8.138178740914253,5.5222555932690405,5.824257376930316,4.720169488482378,2.2280035906613795
disgust,5.581422632976263,5.873648664474098,5.105457509016774,4.800336851741104,3.091629009865272,1.349897115421106
disgust,5.345241676559056,5.369260951491798,7.185835141355783,7.4184577718677716,4.888237466170437,3.6674074972126083
fear,5.127848391382938,5.364586199395395,4.859924677256087,4.502814347050424,2.9863979533193694,1.550019921366535
fear,5.513856903128127,5.124093847190399,5.5777809952684905,5.802349789415877,4.870937014298201,1.4477190372993318
fear,4.72369260525609,4.59730447845123,6.355604443389314,6.8055181394506405,5.717718748968656,2.557041559783794
fear,4.8688035686744175,4.450238592419423,4.445455807491481,5.336944366796494,2.9911634565047445,1.3447063969943949
fear,5.487466665993665,5.553545912287815,4.2940231847996495,4.187915414474929,2.4660920173217926,0.9232721841321627
fear,5.2320462352541695,5.136653771277595,4.287015453958714,7.695008615507287,3.907209867903356,2.8602977320809293
fear,5.396909595506416,5.72578072289606,7.387149549971861,5.950361039435545,4.769944017554018,3.5851516429349424
fear,5.209570050661004,5.420131214409138,5.007755948195363,4.466233952134295,3.1400599775764046,1.072625324852339
fear,5.295132241246331,5.4021682513529905,4.858988037906966,4.601077568388475,3.2389652434854743,0.810078539168436
fear,5.065855913270564,5.305781329001972,5.5456598816995815,5.679481273263468,3.7347271022790154,2.156806312931829
fear,4.972917933999803,4.878599402911698,6.106589500153754,6.753013222683309,3.8005604280668512,2.9919470396693786
happy,6.893768560888798,6.12779968680516,10.251261912682839,12.134940219059576,11.17938426205274,3.7267799624996494
happy,5.88701177308225,6.087366575109165,8.17993781641708,7.721590050925076,7.504904763261021,2.519586197521643
happy,6.730632515294392,6.008355869605469,9.228546325053072,13.658024652431017,11.794325858181958,3.4345186514775166
happy,7.029009035234053,5.288626552255176,6.84869170980421,9.655846559900791,7.927153120275405,2.910775950302606
happy,5.294470863792362,4.999227878859751,4.314789961580305,4.623114834479997,3.0018448767982435,1.2375329851253891
happy,5.363464163090676,5.821659613441543,7.333596217261964,6.103308402472043,6.395779858625529,2.55068618218706
happy,6.352160996577514,5.239422030710134,5.297510593202683,8.059906855448894,6.211008642120088,1.938222118551667
happy,5.752492840202235,5.499583180976563,7.678943941022013,8.166709504923453,6.3622835275860865,3.7641120235511982
happy,5.102033103122821,5.203577165576434,5.9171769448077445,6.244411745121531,4.988270265000322,2.3392711149228567
happy,5.663047456234852,6.1281312004556305,8.488128896922015,5.88824653272559,6.919277743694209,2.421347011131326
happy,5.229480112163551,5.234012044494739,6.5428001658616015,6.657786797661402,5.678403146579324,1.7158852802801146
happy,5.76115780200739,6.13522625194576,7.088285278461001,5.0773270864709446,5.617110050629845,1.6453321406255625
happy,6.413969927566237,6.4564908982209985,6.409959121984974,6.48390602827829,6.205480418182567,1.2017027323215212
happy,5.529109362194217,6.1080880160773,7.875141857077049,7.718422724293704,7.35,2.75
happy,5.248093244694452,5.322482936110031,6.290846536197037,5.861885296355949,5.312388964493009,2.2859359911652595
happy,5.637495745295968,5.289317617267242,8.122436518296835,7.216986526543135,7.290347815483034,2.9026564324151223
happy,5.235703209660729,5.294298650844162,6.694071139685627,6.835988567944943,6.353872686260527,2.3038114440664024
happy,5.082316619050655,5.251281797259908,5.8355498985235705,7.012882860004717,5.990188055576925,1.4188852293676353
happy,5.7447139148507995,7.2537909655160195,9.328558450894823,4.123244708541242,6.533139573123529,2.09940096396196
happy,6.138749552872358,6.110807007109832,5.1353924742155925,5.090324913149939,4.047822345966746,1.0973746316462005
happy,5.163942050942416,4.7229730207972676,4.794367727510378,5.722040532710977,4.294673094752164,1.281312019494041
happy,5.308267743621654,5.289820128746428,6.753528402038395,7.103351385018556,6.744536904403655,1.9533205949442645
happy,6.191136800000108,6.462524668921907,7.847591813609302,6.878232525412198,7.26903887556647,2.33517025808145
happy,5.141971593449875,5.354878646235724,4.790001516352105,5.001334216384585,4.2237325720169405,0.838893440040035
happy,6.615510433606449,5.055046102785896,5.951552990456126,9.478615722155006,7.448614991055324,2.494553652952997
happy,6.200490339439117,5.846250450534796,5.829057919065552,7.334110598457362,6.011951792590793,2.3901613516933775
happy,5.6251869810884685,5.8560063482287275,6.8475990895331424,7.146690371081004,6.120964344453075,2.49783268273088
happy,6.7027893676559245,6.0211439466674825,8.162847514037395,7.996512977483958,8.03202482682866,2.205849453630174
happy,5.792574338627279,5.966753998543881,7.022990843799481,6.135082752453966,5.769438426145687,1.7284832429004495
happy,5.79274761601355,5.501971991243253,9.180452954243083,8.978951466625391,8.691096377903078,3.1899500387937114
happy,5.280524388758763,5.115843972741846,7.816557208524662,7.471843872166746,6.153562921890323,3.8425058861566517
happy,6.675773840418954,6.38907890295569,10.912317633597489,11.149171569504105,10.93173774719328,4.8114747237558095
happy,5.406808994744058,5.5774810715476635,6.703860927937869,6.198152023101285,5.92864234036765,2.0815378930012303
happy,6.604951523054929,5.7379033129377035,4.429371151614049,5.64678202011037,4.2415936570196155,1.0687057498186447
happy,7.004818673264986,5.476513262258257,7.6967729882732865,8.5743083384453,7.65497379833602,2.6492166056880304
happy,5.4887222636771185,5.488296864641253,6.8826191874447,6.6406385034121795,6.292312394205504,2.124107887920627
neutral,5.978380434749038,5.255754061812225,4.271720544689911,4.382653064330785,3.0929061601506036,0.6624390150144968
neutral,5.502285216137256,5.257974090387879,4.451388082938983,5.148760133195477,2.8478181577105066,1.1406991449322414
neutral,6.720808607825031,6.729655627528148,4.222534405365371,3.7884343885592577,2.8418998662488812,0.4687669882472381
neutral,6.106038054624987,6.588938544578798,4.516091597461628,4.106075782560611,3.0672442106930813,0.5849340717735979
neutral,5.268240639647361,5.525447654306959,4.874546108006168,4.7535948564415715,3.5793645122912965,0.9994801143396995
neutral,6.609463086220773,6.365044797889993,3.892082071040546,4.033079642460654,2.6668113386682197,0.5839943344896844
neutral,5.39728110947662,5.219131767291068,5.165258645624476,6.460415975805005,4.100660412848279,2.1622803679107694
neutral,6.774999765544107,6.446401648369644,4.38386242348815,4.373974702681258,3.4056848066409486,0.8474287402337833
neutral,6.953364639612077,6.032916293862495,4.996667493786628,4.83272255942671,3.8246814141132184,1.2178758050433824
neutral,6.116148464606753,5.85786869609678,4.336154388933061,4.945132717978875,3.28184518411518,1.2191505751956975
neutral,6.6771011955631145,6.516007577473601,4.489702250992483,4.909549104425263,3.622754798714125,0.8715420197718405
neutral,5.074510052755723,5.052256551951478,4.505795059048977,4.974603061967514,2.93816481838579,0.9692539012044264
neutral,5.136140595988263,5.552702256661673,5.072901464802041,4.168262674210107,2.971631937155443,1.1206400196257773
neutral,6.834381822294189,6.467125542447171,3.3821523906098774,4.620592485115209,3.0064970298079294,0.7833636043277514
neutral,7.392432730886814,7.2433123601701475,5.6811558410850935,5.90746059972863,5.18003028510904,1.4658440861013713
neutral,6.524397057346933,5.993632938735803,4.479798721385834,4.85877501177735,3.573611707634543,1.0760863271315597
neutral,6.538977946521259,6.1924693912940265,4.939808592682531,5.036280364355525,3.6513488736014215,1.268293029339745
neutral,5.780239315408681,5.695468198190766,3.8218744776799145,3.7534527772438304,2.115834765939145,0.2092457497388747
sadness,8.844010008760394,4.804906162092111,2.781757540525484,8.640347409668824,5.294184655562406,2.1313344999761634
sadness,5.930208779417821,4.824151325441713,5.202570111966069,5.883389918408058,5.102689633679468,1.0729986267661862
sadness,5.54439616739687,5.782266851527549,4.324753186294307,3.972538639323258,2.8052504436883123,0.20359463942371506
sadness,4.739012378438671,5.114664765477789,6.559864943904316,5.071760234501731,4.476564544256048,1.789814127305914
sadness,4.792470111914826,4.705288436635376,3.7052847834686373,4.069671665616772,1.65,0.47762432936356997
sadness,4.677271161152644,5.627635414533501,5.320931723248888,4.0723364431856695,3.6687824155721454,0.7039542608887934
sadness,5.128128200272734,5.0258029095742565,4.156594033816381,4.172294266277195,2.697650577994675,0.45856805910368353
sadness,5.180099876509615,5.177016017836432,5.248344315827071,4.9093354660865405,3.9143899881835784,0.5174505793221381
sadness,5.97726000373587,5.221327667297362,4.912341744222363,5.659328603745308,3.7994657650561363,1.6136893580940406
sadness,4.234359416131639,4.367757351739651,4.522808728837369,4.483816774271503,2.5389794861385186,0.41105691133029226
sadness,4.738484319346371,5.227871305958885,4.808544339193617,4.586090703977858,3.1203681269533603,1
sadness,5.511573870030965,6.000975468548286,4.666542920279936,4.368420027470693,3.458209565846321,0.7831064069294323
sadness,6.234067055075105,5.304987228914499,4.21169002527601,4.858633306465098,3.579001055450151,0.7001238536177898
sadness,6.178222018213711,8.09640460311871,5.537628236257925,4.966537206118325,4.8772113018245,0.7846671137105485
sadness,5.539977617879996,5.213824229210482,3.4814563061566606,4.1898958638031365,2.5400265777689945,0.7073298080904333
sadness,5.9901890765024275,5.188054568648971,3.417620040757269,5.096029793467169,3.041046012195,0.6443378684695495
sadness,6.171017716902618,6.1937745610924875,4.4695374866502515,5.064998810224436,3.9587981405816803,0.772496193696913
sadness,5.284080658962749,5.416772076407257,4.011142183049035,3.8941845862405464,2.446662863892403,0.7370567109495099
sadness,6.18718961962213,5.116239339773972,4.481972048898877,5.503028437367515,3.9540874317564505,1.3412154089411474
sadness,4.741302586417934,4.629837842499111,6.908030389337072,5.707925973128074,5.338290469124302,1.482045942942104
sadness,5.359848531077728,6.171616124735454,5.711445279399868,5.519143225537263,4.936282016496433,0.8255969034744088
sadness,5.622892881353621,5.46244303273569,3.6820459217231014,4.544863084544762,2.8600321590180213,0.3859012219291612
sadness,4.982391060717996,4.651429286245802,4.129781386347149,3.934157592946888,2.037682909420468,0.6260237517098836
surprise,6.2803891470250655,6.038665142702885,5.303670081644128,5.163726705545541,3.2802964542227286,1.4953952308843719
surprise,4.960779504886107,5.1187304483080975,5.267570058600382,4.880344739418849,2.5503222632461258,1.8660236329947777
surprise,5.8965831562804585,5.9596813348007736,4.366673718847185,5.143407836121409,2.9024328457548205,2.127925404723231
surprise,5.603263409380123,5.515798971836711,4.8152695566979276,4.792003557464149,2.7099953586814207,2.1623310744832014
surprise,5.583071443444824,5.370086090718699,4.637708020548736,5.723377541261328,2.7223459575686473,2.2824090043075462
surprise,5.3780299335925665,5.2977086606582215,5.2992463482220185,4.745211066195759,2.9311173519865066,2.6889410184076294
surprise,5.135195690855006,5.195806592888544,4.742024743475779,4.486620796392886,2.3312261547553432,1.6954690750985064
surprise,5.8012400606014,6.133534060196627,18.27360163123948,17.528945193583056,17.81110030620363,6.106890996821445
surprise,5.217573131556062,5.2098399617586795,6.0090395908193575,6.39287388492035,4.138610778214559,3.863903734064256
surprise,4.869599826133094,4.894566810523294,5.226625669693384,5.378440831351948,2.873634941633641,2.5342103744997617
surprise,5.954042457395015,6.029302935172847,5.482110213199955,5.339424618609969,3.221928291847635,2.998172959635653
surprise,7.412134828691112,6.768917735440134,7.1710498972496755,9.427612161073817,7.64198926981712,5.161541381599324
surprise,5.164469802498282,5.283827214479756,4.396679820013935,4.561097791512314,2.229852829037672,1.4481530523098787
surprise,5.707718355804254,5.594265507727281,4.897421075656604,4.86642419219327,3.3929230179160546,1.7267458921760286
surprise,5.468500186623595,5.85687361532854,5.168139943864999,4.925122838811388,3.064449769673569,2.0644501112776403
surprise,5.241717890728438,5.437193761520739,5.022073579174318,5.148368081277123,2.5592031507430515,2.283780845894955
surprise,5.877658847690361,5.788085346440013,4.642002067724755,4.045300091588533,3.064129385141706,0.8393118874676114
surprise,4.981562403097418,5.283029324926255,4.829655662385129,4.10456819730698,2.7144692290144445,1.0391735450850996
surprise,5.556011522213028,5.5896068709125935,4.060621175708478,4.64268152833607,2.0523097289822396,1.4955773295019896
surprise,5.420676321701444,5.004417689505062,6.292581116811084,8.034051715414105,6.099017937502742,3.9316562403240707
surprise,5.6101993185684025,5.194633094377582,6.5071126504434,6.156632765243158,5.345659070782008,2.6903185470843076
surprise,6.175361045428108,5.586177057859443,4.778323363971483,9.102490083847973,6.385450070491487,3.2207588657384583
surprise,5.703803693867744,5.746795056320086,8.324433359659654,9.28034931877646,8.487115434861792,3.9926976145514868
surprise,5.332544374532654,5.219228281923453,4.373933290985576,4.6796482396163555,1.6944498840497804,2.077220839579233
surprise,4.894073604536539,4.7890190707419436,4.725118144013296,4.942354081553498,2.1641414239728407,2.1319665147956064
surprise,5.390363547061865,5.475425798443191,5.158662787239388,5.302935989845268,4.373018142111107,0.9282477231948584
